<?xml version="1.0" encoding="UTF-8" ?>
<!DOCTYPE mapper
        PUBLIC "-//mybatis.org//DTD Mapper 3.0//EN"
        "http://mybatis.org/dtd/mybatis-3-mapper.dtd">
<mapper namespace="com.sky.mapper.UserPurchaseHistoryMapper">

    <!-- 批量插入用户购买历史 -->
    <insert id="insertBatch">
        insert into user_purchase_history (user_id, order_id, dish_id, setmeal_id, type, number, order_time, status, name, image, amount, order_number)
        values
        <foreach collection="list" item="item" separator=",">
            (#{item.userId}, #{item.orderId}, #{item.dishId}, #{item.setmealId}, #{item.type}, #{item.number}, #{item.orderTime}, #{item.status}, #{item.name}, #{item.image}, #{item.amount}, #{item.orderNumber})
        </foreach>
    </insert>

    <!-- 根据用户id和订单状态查询购买历史 -->
    <select id="listByUserIdAndStatus" resultType="com.sky.entity.UserPurchaseHistory">
        select * from user_purchase_history
        where user_id = #{userId}
        <if test="status != null">
            and status = #{status}
        </if>
        order by order_time desc
    </select>

    <!-- 根据订单id更新购买历史的订单状态 -->
    <update id="updateStatusByOrderId">
        update user_purchase_history
        set status = #{status}
        where order_id = #{orderId}
    </update>

</mapper>