<?xml version="1.0" encoding="UTF-8"?>
<!DOCTYPE mapper PUBLIC "-//mybatis.org//DTD Mapper 3.0//EN" "http://mybatis.org/dtd/mybatis-3-mapper.dtd">
<mapper namespace="com.sky.mapper.FavoriteMapper">

    <insert id="insert">
        insert into favorite (user_id, dish_id, setmeal_id, create_time)
        values (#{userId}, #{dishId}, #{setmealId}, #{createTime})
    </insert>

    <delete id="delete">
        delete from favorite
        where user_id = #{userId}
        <if test="dishId != null">
            and dish_id = #{dishId}
        </if>
        <if test="setmealId != null">
            and setmeal_id = #{setmealId}
        </if>
    </delete>

    <select id="listByUserId" resultType="com.sky.entity.Favorite">
        select * from favorite
        where user_id = #{userId}
        order by create_time desc
    </select>

    <select id="getByUserIdAndDishIdOrSetmealId" resultType="com.sky.entity.Favorite">
        select * from favorite
        where user_id = #{userId}
        <if test="dishId != null">
            and dish_id = #{dishId}
        </if>
        <if test="setmealId != null">
            and setmeal_id = #{setmealId}
        </if>
        limit 1
    </select>

</mapper>