<?xml version="1.0" encoding="UTF-8" ?>
<!DOCTYPE mapper PUBLIC "-//mybatis.org//DTD Mapper 3.0//EN" "http://mybatis.org/dtd/mybatis-3-mapper.dtd" >
<mapper namespace="com.sky.mapper.UserPurchaseHistoryMapper">

    <!-- 批量插入用户购买历史 -->
    <insert id="insertBatch">
        insert into user_purchase_history
        (user_id, order_id, goods_id, goods_type, goods_name, goods_image, quantity, price, order_time, order_status, pay_status, create_time, update_time)
        values
        <foreach collection="list" item="item" separator=",">
            (#{item.userId}, #{item.orderId}, #{item.goodsId}, #{item.goodsType}, #{item.goodsName}, #{item.goodsImage}, #{item.quantity}, #{item.price}, #{item.orderTime}, #{item.orderStatus}, #{item.payStatus}, #{item.createTime}, #{item.updateTime})
        </foreach>
    </insert>

    <!-- 根据用户id查询购买历史 -->
    <select id="listByUserId" resultType="com.sky.entity.UserPurchaseHistory">
        select *
        from user_purchase_history
        where user_id = #{userId}
        order by order_time desc
    </select>

    <!-- 根据用户id和订单状态查询购买历史 -->
    <select id="listByUserIdAndStatus" resultType="com.sky.entity.UserPurchaseHistory">
        select *
        from user_purchase_history
        where user_id = #{userId}
          and order_status = #{orderStatus}
        order by order_time desc
    </select>

    <!-- 根据订单id更新购买历史的订单状态 -->
    <update id="updateOrderStatusByOrderId">
        update user_purchase_history
        set order_status = #{orderStatus},
            update_time = now()
        where order_id = #{orderId}
    </update>

    <!-- 根据订单id查询购买历史 -->
    <select id="listByOrderId" resultType="com.sky.entity.UserPurchaseHistory">
        select *
        from user_purchase_history
        where order_id = #{orderId}
    </select>

</mapper>