<?xml version="1.0" encoding="UTF-8" ?>
<!DOCTYPE mapper PUBLIC "-//mybatis.org//DTD Mapper 3.0//EN"
        "http://mybatis.org/dtd/mybatis-3-mapper.dtd" >
<mapper namespace="com.sky.mapper.EmployeeMapper">

    <update id="upate">
        update employee
        <set>
            <if test="name != null and name != ''">
                name = #{name},
            </if>
            <if test="username != null and name != ''">
                username = #{username},
            </if>
            <if test="password != null and name != ''">
                password = #{password},
            </if>
            <if test="phone != null and name != ''">
                phone = #{phone},
            </if>
            <if test="sex != null and name != ''">
                sex = #{sex},
            </if>
            <if test="idNumber != null and name != ''">
                id_number = #{idNumber},
            </if>
            <if test="updateTime != null and name != ''">
                update_time = #{updateTime},
            </if>
            <if test="updateUser != null and name != ''">
                update_user = #{updateUser},
            </if>
            <if test="status != null and name != ''">
                status = #{status}
            </if>
        </set>
        where id = #{id}
    </update>

    <select id="pageQuery" resultType="com.sky.entity.Employee">
        select * from employee
        <where>
            <if test="name != null and name != ''">
                and name like concat('%',#{name},'%')
            </if>
        </where>
        order by create_time desc
    </select>
</mapper>
