<?xml version="1.0" encoding="UTF-8" ?>
<!DOCTYPE mapper PUBLIC "-//mybatis.org//DTD Mapper 3.0//EN"
        "http://mybatis.org/dtd/mybatis-3-mapper.dtd" >
<mapper namespace="com.sky.mapper.FavoriteMapper">

    <insert id="insert" useGeneratedKeys="true" keyProperty="id">
        INSERT INTO favorite (user_id, dish_id, setmeal_id, create_time)
        VALUES (#{userId}, #{dishId}, #{setmealId}, #{createTime})
    </insert>

    <delete id="deleteByUserIdAndDishIdOrSetmealId">
        DELETE FROM favorite
        WHERE user_id = #{userId}
        <choose>
            <when test="dishId != null">
                AND dish_id = #{dishId}
            </when>
            <when test="setmealId != null">
                AND setmeal_id = #{setmealId}
            </when>
        </choose>
    </delete>

    <select id="listByUserId" resultType="com.sky.entity.Favorite">
        SELECT * FROM favorite WHERE user_id = #{userId} ORDER BY create_time DESC
    </select>

    <select id="countByUserIdAndDishIdOrSetmealId" resultType="java.lang.Integer">
        SELECT COUNT(*) FROM favorite
        WHERE user_id = #{userId}
        <choose>
            <when test="dishId != null">
                AND dish_id = #{dishId}
            </when>
            <when test="setmealId != null">
                AND setmeal_id = #{setmealId}
            </when>
        </choose>
    </select>

</mapper>